country,avg_predicted_cases
France,12126.438872165703
Brazil,9914.630922856915
